{"EMA": [[-3.678700210142324, -3.0996482989026988, -3.5024146022514326, -2.4340650141810207, -2.3272938179925564, -3.0430914157428557, -2.8864911827266884, -2.053751116243715, -2.3216317089920873, -2.482422501315633], [6.432747255165962, 6.487847542336652, 4.484443763038848, 6.296212783696492, 3.380964828265181, 4.571664217771222, 4.121744560364075, 6.3772167248644065, 5.923392021605029, 4.449311958382667], [-0.025431977584958076, -0.010428862646222115, 0.004749640356749296, 0.022112606093287468, 0.04373274743556976, 0.06785734742879868, 0.0906321108341217, 0.1101362556219101, 0.12228765338659286, 0.12749071419239044], [0.8377999067306519, 0.8576095700263977, 0.872006356716156, 0.8813959360122681, 0.88730788230896, 0.8949191570281982, 0.9049390554428101, 0.9150999784469604, 0.9237231612205505, 0.9301097393035889]], "pitch": [-1.751905083656311, 6.220205307006836, 137.0945846179066, 78.25457848323684], "energy": [-4.476191520690918, 2.5080785751342773, 4.601160882738853, 3.110472802617481]}